,JND_arith,JND_arith,JND_arith,JND_arith,JND_arith,JND_arith,logJND,logJND,logJND,logJND,logJND,logJND
,count,mean,median,std,min,max,count,mean,median,std,min,max
TimeOfDay,,,,,,,,,,,,
Afternoon,19,62.27315789473685,3.805,170.4389195822438,1.735,740.374,19,0.9710548241113544,0.5803546611065917,0.7739715490334989,0.23929947912689253,2.869451159061426
Evening,18,24.11161111111111,5.726000000000001,45.96057888098412,1.125,194.688,18,0.8828358439288182,0.7395243205083457,0.6675096316283023,0.05115252244738129,2.2893391837008665
Morning,18,21.445222222222224,5.311999999999999,35.4212749406102,1.42,128.159,18,0.8928383484784389,0.7242860657733234,0.598262728361842,0.15228834438305647,2.1077491100371644
