TimeOfDay,Chronotype,count,mean,std
Afternoon,Depends,8,0.8265146662012864,0.7357581405959679
Afternoon,Morning,5,0.8157789660483191,0.543852567706268
Afternoon,Night,6,1.2931715830439743,0.9899342855237675
Evening,Depends,8,0.6773891562185382,0.6060951198954596
Evening,Morning,4,0.8737088136804445,0.6872530172660763
Evening,Night,6,1.1628494477081073,0.7453616570722369
Morning,Depends,8,0.7670896566126024,0.6801375730031424
Morning,Morning,6,1.0179711097856148,0.6156851768493895
Morning,Night,4,0.9566365902493488,0.48799862557509327
